file_name,flag,olive_moment,tail_dna_percent,tail_length,condition_code,sample,pre_code,acute_code,pre_label,acute_label,condition_factor
9_CX_1.tif,normal,2.4375340716891643,9.375131044958325,14,CX,ASC399,C,X,Control pre,Acute CSE,CTL-CSE
9_CX_1.tif,normal,15.464606328884484,39.65283674072945,56,CX,ASC399,C,X,Control pre,Acute CSE,CTL-CSE
9_CX_1.tif,normal,3.141432948662261,14.279240675737547,14,CX,ASC399,C,X,Control pre,Acute CSE,CTL-CSE
9_CX_1.tif,normal,4.794496781903437,19.97706992459765,22,CX,ASC399,C,X,Control pre,Acute CSE,CTL-CSE
9_CX_1.tif,normal,2.6437542454943577,9.441979448194125,13,CX,ASC399,C,X,Control pre,Acute CSE,CTL-CSE
9_CX_1.tif,normal,0.9422328560262009,4.282876618300913,7,CX,ASC399,C,X,Control pre,Acute CSE,CTL-CSE
9_CX_1.tif,normal,4.817567282004969,18.52910493078834,20,CX,ASC399,C,X,Control pre,Acute CSE,CTL-CSE
9_CX_1.tif,normal,35.58516196170069,77.3590477428276,109,CX,ASC399,C,X,Control pre,Acute CSE,CTL-CSE
9_CX_1.tif,normal,2.21095792455174,6.317022641576401,18,CX,ASC399,C,X,Control pre,Acute CSE,CTL-CSE
9_CX_1.tif,normal,0.6705428942164303,2.2351429807214345,6,CX,ASC399,C,X,Control pre,Acute CSE,CTL-CSE
9_CX_1.tif,normal,3.2737723662659546,10.230538644581104,25,CX,ASC399,C,X,Control pre,Acute CSE,CTL-CSE
9_CX_1.tif,normal,30.941827680570526,68.75961706793451,73,CX,ASC399,C,X,Control pre,Acute CSE,CTL-CSE
9_CX_1.tif,normal,65.54912260415108,89.79331863582338,122,CX,ASC399,C,X,Control pre,Acute CSE,CTL-CSE
9_CX_1.tif,normal,15.851774317944896,35.22616515098866,61,CX,ASC399,C,X,Control pre,Acute CSE,CTL-CSE
9_CX_1.tif,normal,2.2693571513920427,12.607539729955791,13,CX,ASC399,C,X,Control pre,Acute CSE,CTL-CSE
9_CX_1.tif,normal,10.055175784866282,20.94828288513808,58,CX,ASC399,C,X,Control pre,Acute CSE,CTL-CSE
9_CX_1.tif,normal,1.9948368634160742,7.388284679318793,13,CX,ASC399,C,X,Control pre,Acute CSE,CTL-CSE
9_CX_1.tif,normal,23.34494595803719,47.642746853137105,80,CX,ASC399,C,X,Control pre,Acute CSE,CTL-CSE
9_CX_1.tif,normal,38.95795480141151,90.59989488700353,82,CX,ASC399,C,X,Control pre,Acute CSE,CTL-CSE
9_CX_1.tif,normal,21.61922858665933,49.134610424225755,72,CX,ASC399,C,X,Control pre,Acute CSE,CTL-CSE
9_CX_1.tif,normal,60.29329957834204,94.20828059115944,114,CX,ASC399,C,X,Control pre,Acute CSE,CTL-CSE
9_CX_1.tif,normal,37.89569928885879,70.17722090529406,82,CX,ASC399,C,X,Control pre,Acute CSE,CTL-CSE
9_CX_1.tif,normal,21.75967455929905,54.399186398247615,58,CX,ASC399,C,X,Control pre,Acute CSE,CTL-CSE
9_CX_1.tif,normal,0.805004287534719,3.354184531394662,7,CX,ASC399,C,X,Control pre,Acute CSE,CTL-CSE
9_CX_1.tif,normal,1.377092416033858,6.259510981972081,9,CX,ASC399,C,X,Control pre,Acute CSE,CTL-CSE
9_CX_1.tif,normal,3.6873019867549677,11.173642384105962,22,CX,ASC399,C,X,Control pre,Acute CSE,CTL-CSE
9_CX_1.tif,normal,29.222606699800586,55.136993773208644,78,CX,ASC399,C,X,Control pre,Acute CSE,CTL-CSE
9_CX_1.tif,normal,3.683757518397357,14.735030073589424,20,CX,ASC399,C,X,Control pre,Acute CSE,CTL-CSE
9_CX_1.tif,normal,0.9581528795925495,3.6852033830482664,7,CX,ASC399,C,X,Control pre,Acute CSE,CTL-CSE
9_CX_1.tif,normal,46.735798130226755,84.97417841859404,120,CX,ASC399,C,X,Control pre,Acute CSE,CTL-CSE
9_CX_1.tif,normal,57.30724757723845,77.44222645572768,138,CX,ASC399,C,X,Control pre,Acute CSE,CTL-CSE
9_CX_1.tif,normal,53.75866658950171,89.5977776491695,103,CX,ASC399,C,X,Control pre,Acute CSE,CTL-CSE
9_CX_1.tif,normal,2.481115535237347,8.270385117457819,17,CX,ASC399,C,X,Control pre,Acute CSE,CTL-CSE
9_CX_1.tif,normal,0.7636648460984803,5.4547489007034295,5,CX,ASC399,C,X,Control pre,Acute CSE,CTL-CSE
9_CX_2.tif,normal,11.363412676419722,33.421801989469756,51,CX,ASC399,C,X,Control pre,Acute CSE,CTL-CSE
9_CX_2.tif,normal,95.90955148074367,94.02897203994473,174,CX,ASC399,C,X,Control pre,Acute CSE,CTL-CSE
9_CX_2.tif,normal,31.847972372327067,72.38175539165242,77,CX,ASC399,C,X,Control pre,Acute CSE,CTL-CSE
9_CX_2.tif,normal,26.50638368429779,66.26595921074448,73,CX,ASC399,C,X,Control pre,Acute CSE,CTL-CSE
9_CX_2.tif,normal,1.0430249152475446,4.534890935858891,6,CX,ASC399,C,X,Control pre,Acute CSE,CTL-CSE
9_CX_2.tif,normal,62.69242594327145,94.98852415647187,116,CX,ASC399,C,X,Control pre,Acute CSE,CTL-CSE
9_CX_2.tif,normal,21.602277597501985,77.15099141964994,81,CX,ASC399,C,X,Control pre,Acute CSE,CTL-CSE
9_CX_2.tif,normal,29.817415470125056,62.11961556276052,75,CX,ASC399,C,X,Control pre,Acute CSE,CTL-CSE
9_CX_2.tif,normal,12.674461139216916,30.91331985174858,57,CX,ASC399,C,X,Control pre,Acute CSE,CTL-CSE
9_CX_2.tif,normal,6.0078428230958725,23.10708778113797,27,CX,ASC399,C,X,Control pre,Acute CSE,CTL-CSE
9_CX_2.tif,normal,61.56234655097031,86.70753035347929,117,CX,ASC399,C,X,Control pre,Acute CSE,CTL-CSE
9_CX_2.tif,normal,6.259085876342727,19.55964336357102,33,CX,ASC399,C,X,Control pre,Acute CSE,CTL-CSE
9_CX_2.tif,normal,41.91208527328272,95.25473925746073,94,CX,ASC399,C,X,Control pre,Acute CSE,CTL-CSE
9_CX_2.tif,normal,25.140800976134482,55.86844661363216,76,CX,ASC399,C,X,Control pre,Acute CSE,CTL-CSE
9_CX_2.tif,normal,46.76508238014618,93.53016476029238,82,CX,ASC399,C,X,Control pre,Acute CSE,CTL-CSE
9_CX_2.tif,normal,69.57947199266503,96.63815554536815,148,CX,ASC399,C,X,Control pre,Acute CSE,CTL-CSE
9_CX_2.tif,normal,4.43910127752347,23.36369093433405,19,CX,ASC399,C,X,Control pre,Acute CSE,CTL-CSE
9_CX_2.tif,normal,5.710311918063314,20.39397113594041,31,CX,ASC399,C,X,Control pre,Acute CSE,CTL-CSE
9_CX_2.tif,normal,29.35055750334803,58.70111500669606,72,CX,ASC399,C,X,Control pre,Acute CSE,CTL-CSE
9_CX_2.tif,normal,0.9421651562989213,5.234250868327339,5,CX,ASC399,C,X,Control pre,Acute CSE,CTL-CSE
9_CX_2.tif,normal,32.69004407801988,96.14718846476435,104,CX,ASC399,C,X,Control pre,Acute CSE,CTL-CSE
9_CX_2.tif,normal,0.8686015149776197,1.9302255888391546,8,CX,ASC399,C,X,Control pre,Acute CSE,CTL-CSE
9_CX_2.tif,normal,28.202188604795076,60.00465660594696,74,CX,ASC399,C,X,Control pre,Acute CSE,CTL-CSE
9_CX_2.tif,normal,3.6292871350701277,10.674373926676843,20,CX,ASC399,C,X,Control pre,Acute CSE,CTL-CSE
9_CX_2.tif,normal,47.965893772981424,77.36434479513133,86,CX,ASC399,C,X,Control pre,Acute CSE,CTL-CSE
9_CX_2.tif,normal,1.1426370410866995,9.521975342389158,6,CX,ASC399,C,X,Control pre,Acute CSE,CTL-CSE
9_CX_2.tif,normal,0.7022914203049946,8.778642753812429,5,CX,ASC399,C,X,Control pre,Acute CSE,CTL-CSE
9_CX_2.tif,normal,26.794785160586553,74.42995877940707,86,CX,ASC399,C,X,Control pre,Acute CSE,CTL-CSE
9_CX_2.tif,normal,2.416357521755712,9.665430087022852,10,CX,ASC399,C,X,Control pre,Acute CSE,CTL-CSE
9_CX_2.tif,normal,7.558476863876248,22.904475345079543,41,CX,ASC399,C,X,Control pre,Acute CSE,CTL-CSE
9_XX_1.tif,normal,25.96851390552349,78.69246638037424,85,XX,ASC399,X,X,CSE pre,Acute CSE,CSE-CSE
9_XX_1.tif,normal,4.1955994338684715,11.041051141759134,48,XX,ASC399,X,X,CSE pre,Acute CSE,CSE-CSE
9_XX_1.tif,normal,5.326311083144281,18.36658994187683,38,XX,ASC399,X,X,CSE pre,Acute CSE,CSE-CSE
9_XX_1.tif,normal,9.481721559325718,36.46815984356046,60,XX,ASC399,X,X,CSE pre,Acute CSE,CSE-CSE
9_XX_1.tif,normal,9.916681878337062,34.19545475288642,60,XX,ASC399,X,X,CSE pre,Acute CSE,CSE-CSE
9_XX_1.tif,normal,10.842289003160824,51.62994763409916,46,XX,ASC399,X,X,CSE pre,Acute CSE,CSE-CSE
9_XX_1.tif,normal,3.304681783905159,11.802434942518426,25,XX,ASC399,X,X,CSE pre,Acute CSE,CSE-CSE
9_XX_1.tif,normal,3.0015227033295853,13.050098710128635,19,XX,ASC399,X,X,CSE pre,Acute CSE,CSE-CSE
9_XX_1.tif,normal,20.831490566790315,54.81971201786925,97,XX,ASC399,X,X,CSE pre,Acute CSE,CSE-CSE
9_XX_1.tif,normal,13.961184543384773,34.05166961801163,36,XX,ASC399,X,X,CSE pre,Acute CSE,CSE-CSE
9_XX_1.tif,normal,62.78859347890254,93.7143186252277,111,XX,ASC399,X,X,CSE pre,Acute CSE,CSE-CSE
9_XX_1.tif,normal,54.7682178731606,88.33583527929129,102,XX,ASC399,X,X,CSE pre,Acute CSE,CSE-CSE
9_XX_1.tif,normal,3.249565508021391,12.498328877005347,24,XX,ASC399,X,X,CSE pre,Acute CSE,CSE-CSE
9_XX_1.tif,normal,6.715173633411155,29.196407101787624,36,XX,ASC399,X,X,CSE pre,Acute CSE,CSE-CSE
9_XX_1.tif,normal,18.465963711023484,92.32981855511743,55,XX,ASC399,X,X,CSE pre,Acute CSE,CSE-CSE
9_XX_1.tif,normal,1.1962907107972842,5.696622432368019,11,XX,ASC399,X,X,CSE pre,Acute CSE,CSE-CSE
9_XX_1.tif,normal,52.146802014997036,73.4462000211226,116,XX,ASC399,X,X,CSE pre,Acute CSE,CSE-CSE
9_XX_1.tif,normal,9.41900524868783,36.22694326418396,65,XX,ASC399,X,X,CSE pre,Acute CSE,CSE-CSE
9_XX_1.tif,normal,56.62221058022286,92.8232960331522,100,XX,ASC399,X,X,CSE pre,Acute CSE,CSE-CSE
9_XX_1.tif,normal,11.346767218487779,43.64141237879915,62,XX,ASC399,X,X,CSE pre,Acute CSE,CSE-CSE
9_XX_1.tif,normal,8.999141467137267,33.33015358198988,72,XX,ASC399,X,X,CSE pre,Acute CSE,CSE-CSE
9_XX_1.tif,normal,64.88177133303839,96.83846467617674,118,XX,ASC399,X,X,CSE pre,Acute CSE,CSE-CSE
9_XX_1.tif,normal,50.25274198577006,89.73703926030369,104,XX,ASC399,X,X,CSE pre,Acute CSE,CSE-CSE
9_XX_1.tif,normal,60.903640909922544,88.26614624626457,111,XX,ASC399,X,X,CSE pre,Acute CSE,CSE-CSE
9_CC_3.tif,normal,6.936892082638269,26.680354163993336,24,CC,ASC399,C,C,Control pre,Control acute,CTL-CTL
9_CC_3.tif,normal,0.5864667671499603,1.8327086473436263,7,CC,ASC399,C,C,Control pre,Control acute,CTL-CTL
9_CC_3.tif,normal,2.052566076522048,3.5389070284862894,10,CC,ASC399,C,C,Control pre,Control acute,CTL-CTL
9_CC_3.tif,normal,1.0118468397546896,5.325509682919418,6,CC,ASC399,C,C,Control pre,Control acute,CTL-CTL
9_CC_3.tif,normal,3.8732018209408197,17.60546282245827,17,CC,ASC399,C,C,Control pre,Control acute,CTL-CTL
9_CC_3.tif,normal,9.948320475634556,41.451335315144,28,CC,ASC399,C,C,Control pre,Control acute,CTL-CTL
9_CC_3.tif,normal,1.2866659278686912,4.948715107187272,1,CC,ASC399,C,C,Control pre,Control acute,CTL-CTL
9_CC_3.tif,normal,6.275345132347351,26.147271384780627,22,CC,ASC399,C,C,Control pre,Control acute,CTL-CTL
9_CC_3.tif,normal,2.7252414703808,16.03083217871059,12,CC,ASC399,C,C,Control pre,Control acute,CTL-CTL
9_CC_3.tif,normal,12.85271758126529,27.346207619713372,34,CC,ASC399,C,C,Control pre,Control acute,CTL-CTL
9_CC_3.tif,normal,0.7349920003709973,1.3610962969833282,5,CC,ASC399,C,C,Control pre,Control acute,CTL-CTL
9_CC_3.tif,normal,0.4354831744856729,0.9265599457141975,4,CC,ASC399,C,C,Control pre,Control acute,CTL-CTL
9_CC_3.tif,normal,0.6651387479428207,2.6605549917712836,5,CC,ASC399,C,C,Control pre,Control acute,CTL-CTL
9_CC_3.tif,normal,0.37763173650585685,1.4524297557917574,5,CC,ASC399,C,C,Control pre,Control acute,CTL-CTL
9_CC_3.tif,normal,9.475164502666859,20.59818370144969,44,CC,ASC399,C,C,Control pre,Control acute,CTL-CTL
9_XX_2.tif,normal,69.70432367179018,78.31946479976422,141,XX,ASC399,X,X,CSE pre,Acute CSE,CSE-CSE
9_XX_2.tif,normal,25.790042058411984,50.56870991845489,84,XX,ASC399,X,X,CSE pre,Acute CSE,CSE-CSE
9_XX_2.tif,normal,20.13002480922319,50.325062023057995,80,XX,ASC399,X,X,CSE pre,Acute CSE,CSE-CSE
9_XX_2.tif,normal,56.435870279745814,89.58074647578701,102,XX,ASC399,X,X,CSE pre,Acute CSE,CSE-CSE
9_XX_2.tif,normal,11.795058701390497,49.146077922460414,74,XX,ASC399,X,X,CSE pre,Acute CSE,CSE-CSE
9_XX_2.tif,normal,41.67533817823225,71.85403134177973,92,XX,ASC399,X,X,CSE pre,Acute CSE,CSE-CSE
9_XX_2.tif,normal,1.9470627319510798,7.788250927804318,19,XX,ASC399,X,X,CSE pre,Acute CSE,CSE-CSE
9_XX_2.tif,normal,32.35560816069376,66.03185338917098,83,XX,ASC399,X,X,CSE pre,Acute CSE,CSE-CSE
9_XX_2.tif,normal,35.4088155614673,75.33790544993047,73,XX,ASC399,X,X,CSE pre,Acute CSE,CSE-CSE
9_XX_2.tif,normal,2.8760774002565297,9.917508276746657,26,XX,ASC399,X,X,CSE pre,Acute CSE,CSE-CSE
9_XX_2.tif,normal,0.8032537373154136,4.016268686577068,5,XX,ASC399,X,X,CSE pre,Acute CSE,CSE-CSE
9_XX_2.tif,normal,67.40964141346223,89.87952188461628,135,XX,ASC399,X,X,CSE pre,Acute CSE,CSE-CSE
9_XX_2.tif,normal,4.707157520605446,16.231577657260164,26,XX,ASC399,X,X,CSE pre,Acute CSE,CSE-CSE
9_XX_2.tif,normal,3.417957534295133,10.05281627733863,20,XX,ASC399,X,X,CSE pre,Acute CSE,CSE-CSE
9_XX_2.tif,normal,24.170286344199777,63.60601669526256,88,XX,ASC399,X,X,CSE pre,Acute CSE,CSE-CSE
9_XX_2.tif,normal,5.410056417647707,17.451794895637757,30,XX,ASC399,X,X,CSE pre,Acute CSE,CSE-CSE
9_XX_2.tif,normal,15.995738181217725,38.085090907661254,72,XX,ASC399,X,X,CSE pre,Acute CSE,CSE-CSE
9_XX_2.tif,normal,8.781959805267757,32.52577705654724,51,XX,ASC399,X,X,CSE pre,Acute CSE,CSE-CSE
9_XX_2.tif,normal,2.5893995913794274,13.628418901996982,15,XX,ASC399,X,X,CSE pre,Acute CSE,CSE-CSE
9_SX_3.tif,normal,8.709413746127183,24.192815961464397,56,SX,ASC399,S,X,SFN pre,Acute CSE,SFN-CSE
9_SX_3.tif,normal,0.775879426598634,11.083991808551913,5,SX,ASC399,S,X,SFN pre,Acute CSE,SFN-CSE
9_SX_3.tif,normal,43.764113545595336,85.81198734430457,91,SX,ASC399,S,X,SFN pre,Acute CSE,SFN-CSE
9_SX_3.tif,normal,57.369438598208596,94.0482599970633,108,SX,ASC399,S,X,SFN pre,Acute CSE,SFN-CSE
9_SX_3.tif,normal,18.917085605712426,49.78180422555899,74,SX,ASC399,S,X,SFN pre,Acute CSE,SFN-CSE
9_SX_3.tif,normal,0.8551666584156665,4.072222182931747,6,SX,ASC399,S,X,SFN pre,Acute CSE,SFN-CSE
9_SX_3.tif,normal,1.1554896446377216,5.777448223188608,8,SX,ASC399,S,X,SFN pre,Acute CSE,SFN-CSE
9_SX_3.tif,normal,3.4726286042963963,13.890514417185587,21,SX,ASC399,S,X,SFN pre,Acute CSE,SFN-CSE
9_SX_3.tif,normal,38.800290748879036,65.76320465911705,99,SX,ASC399,S,X,SFN pre,Acute CSE,SFN-CSE
9_SX_3.tif,normal,14.495166423060562,28.421894947177574,89,SX,ASC399,S,X,SFN pre,Acute CSE,SFN-CSE
9_SX_3.tif,normal,104.75555841005858,85.16712065858421,187,SX,ASC399,S,X,SFN pre,Acute CSE,SFN-CSE
9_SX_3.tif,normal,32.74602857090901,52.81617511436936,98,SX,ASC399,S,X,SFN pre,Acute CSE,SFN-CSE
9_SX_3.tif,normal,27.975938065805085,48.234375975526014,85,SX,ASC399,S,X,SFN pre,Acute CSE,SFN-CSE
9_SX_3.tif,normal,20.399612687850617,40.79922537570123,69,SX,ASC399,S,X,SFN pre,Acute CSE,SFN-CSE
9_SX_3.tif,normal,5.540821203287855,25.185550924035706,27,SX,ASC399,S,X,SFN pre,Acute CSE,SFN-CSE
9_SX_3.tif,normal,7.99029748283753,33.292906178489716,46,SX,ASC399,S,X,SFN pre,Acute CSE,SFN-CSE
9_SX_3.tif,normal,2.9618605522997785,14.104097868094183,18,SX,ASC399,S,X,SFN pre,Acute CSE,SFN-CSE
9_SX_3.tif,normal,1.6787525867462347,11.191683911641562,10,SX,ASC399,S,X,SFN pre,Acute CSE,SFN-CSE
9_SX_3.tif,normal,19.39495094846827,48.487377371170666,90,SX,ASC399,S,X,SFN pre,Acute CSE,SFN-CSE
9_SX_3.tif,normal,18.786837941821577,56.92981194491389,54,SX,ASC399,S,X,SFN pre,Acute CSE,SFN-CSE
9_CC_2.tif,normal,0.8719939689724494,5.129376288073232,5,CC,ASC399,C,C,Control pre,Control acute,CTL-CTL
9_CC_2.tif,normal,2.7812951634297476,14.638395596998672,11,CC,ASC399,C,C,Control pre,Control acute,CTL-CTL
9_CC_2.tif,normal,0.9777600347281438,2.6425946884544436,1,CC,ASC399,C,C,Control pre,Control acute,CTL-CTL
9_CC_2.tif,normal,6.35689163498099,26.487048479087456,23,CC,ASC399,C,C,Control pre,Control acute,CTL-CTL
9_CC_2.tif,normal,12.841898622017167,42.806328740057246,35,CC,ASC399,C,C,Control pre,Control acute,CTL-CTL
9_CC_2.tif,normal,5.516271486910001,20.4306351367037,20,CC,ASC399,C,C,Control pre,Control acute,CTL-CTL
9_CC_2.tif,normal,4.521308821829116,18.838786757621314,14,CC,ASC399,C,C,Control pre,Control acute,CTL-CTL
9_CC_2.tif,normal,1.3578722347285412,6.172146521493368,7,CC,ASC399,C,C,Control pre,Control acute,CTL-CTL
9_CC_2.tif,normal,6.737608560184587,32.083850286593275,26,CC,ASC399,C,C,Control pre,Control acute,CTL-CTL
9_CC_2.tif,normal,1.478883604785128,7.394418023925639,6,CC,ASC399,C,C,Control pre,Control acute,CTL-CTL
9_CC_2.tif,normal,2.2073780954812356,6.13160582078121,7,CC,ASC399,C,C,Control pre,Control acute,CTL-CTL
9_CC_2.tif,normal,7.265360726230291,25.94771687939389,24,CC,ASC399,C,C,Control pre,Control acute,CTL-CTL
9_CC_2.tif,normal,0.1476804767215407,0.27864240890856734,1,CC,ASC399,C,C,Control pre,Control acute,CTL-CTL
9_CC_2.tif,normal,0.646065061536079,1.4044892642088673,5,CC,ASC399,C,C,Control pre,Control acute,CTL-CTL
9_CC_2.tif,normal,11.07676496980574,48.15984769480754,30,CC,ASC399,C,C,Control pre,Control acute,CTL-CTL
9_CC_2.tif,normal,11.887981033825831,33.02216953840509,36,CC,ASC399,C,C,Control pre,Control acute,CTL-CTL
9_CC_2.tif,normal,1.0608336042919888,4.080129247276879,6,CC,ASC399,C,C,Control pre,Control acute,CTL-CTL
9_CC_2.tif,normal,4.712085514834206,13.85907504363002,19,CC,ASC399,C,C,Control pre,Control acute,CTL-CTL
9_CC_2.tif,normal,2.2917509922676076,7.161721850836272,15,CC,ASC399,C,C,Control pre,Control acute,CTL-CTL
9_CC_2.tif,normal,0.9323271900546606,2.7421387942784143,7,CC,ASC399,C,C,Control pre,Control acute,CTL-CTL
9_CC_2.tif,normal,0.4684166429132872,1.3776960085684915,1,CC,ASC399,C,C,Control pre,Control acute,CTL-CTL
9_CC_2.tif,normal,0.1725846281270611,0.2975597036673468,1,CC,ASC399,C,C,Control pre,Control acute,CTL-CTL
9_CC_2.tif,normal,15.200128482259899,38.97468841605102,45,CC,ASC399,C,C,Control pre,Control acute,CTL-CTL
9_CC_2.tif,normal,18.635374855776412,39.64973373569449,61,CC,ASC399,C,C,Control pre,Control acute,CTL-CTL
9_CC_2.tif,normal,1.0000852594872496,4.762310759463092,5,CC,ASC399,C,C,Control pre,Control acute,CTL-CTL
9_CC_2.tif,normal,1.0230005726283642,3.788891009734683,6,CC,ASC399,C,C,Control pre,Control acute,CTL-CTL
9_CC_2.tif,normal,11.797868517256335,45.376417374062825,29,CC,ASC399,C,C,Control pre,Control acute,CTL-CTL
9_CC_2.tif,normal,30.377988520089847,97.99351135512853,60,CC,ASC399,C,C,Control pre,Control acute,CTL-CTL
9_SC_1.tif,normal,17.431564929896535,44.69632033306803,62,SC,ASC399,S,C,SFN pre,Control acute,SFN-CTL
9_SC_1.tif,normal,50.822328890353866,84.7038814839231,116,SC,ASC399,S,C,SFN pre,Control acute,SFN-CTL
9_SC_1.tif,normal,42.96847039945886,85.9369407989177,89,SC,ASC399,S,C,SFN pre,Control acute,SFN-CTL
9_SC_1.tif,normal,8.003683967570328,19.056390398976973,46,SC,ASC399,S,C,SFN pre,Control acute,SFN-CTL
9_SC_1.tif,normal,34.79280201682621,72.48500420172125,82,SC,ASC399,S,C,SFN pre,Control acute,SFN-CTL
9_SC_1.tif,normal,4.4281664564598895,17.71266582583956,25,SC,ASC399,S,C,SFN pre,Control acute,SFN-CTL
9_SC_1.tif,normal,39.35484353758464,67.85317851307697,92,SC,ASC399,S,C,SFN pre,Control acute,SFN-CTL
9_SC_1.tif,normal,3.077226749086823,10.611126720989041,19,SC,ASC399,S,C,SFN pre,Control acute,SFN-CTL
9_SC_1.tif,normal,25.544395255794136,77.40725835089131,63,SC,ASC399,S,C,SFN pre,Control acute,SFN-CTL
9_SC_1.tif,normal,0.8808077627424822,4.194322679726104,8,SC,ASC399,S,C,SFN pre,Control acute,SFN-CTL
9_SC_1.tif,normal,23.00224538432824,52.27783041892785,68,SC,ASC399,S,C,SFN pre,Control acute,SFN-CTL
9_SC_1.tif,normal,26.414118848535136,66.03529712133786,64,SC,ASC399,S,C,SFN pre,Control acute,SFN-CTL
9_SC_1.tif,normal,0.8131898294926545,3.252759317970618,6,SC,ASC399,S,C,SFN pre,Control acute,SFN-CTL
9_SC_1.tif,normal,9.434847205546301,22.463921917967376,44,SC,ASC399,S,C,SFN pre,Control acute,SFN-CTL
9_SC_1.tif,normal,1.9614849044342904,15.08834541872531,9,SC,ASC399,S,C,SFN pre,Control acute,SFN-CTL
9_SC_1.tif,normal,1.3953710607043355,2.6327755862345947,9,SC,ASC399,S,C,SFN pre,Control acute,SFN-CTL
9_SC_1.tif,normal,10.467096276535916,24.921657801275977,42,SC,ASC399,S,C,SFN pre,Control acute,SFN-CTL
9_SC_1.tif,normal,4.854648382468883,18.67172454795724,33,SC,ASC399,S,C,SFN pre,Control acute,SFN-CTL
9_SC_1.tif,normal,12.011205574375975,27.93303621947901,45,SC,ASC399,S,C,SFN pre,Control acute,SFN-CTL
9_SC_1.tif,normal,9.391138883885478,26.83182538252994,67,SC,ASC399,S,C,SFN pre,Control acute,SFN-CTL
9_SC_1.tif,normal,1.1138794270329766,6.552231923723395,6,SC,ASC399,S,C,SFN pre,Control acute,SFN-CTL
9_SC_1.tif,normal,34.661854464880435,65.39972540543478,84,SC,ASC399,S,C,SFN pre,Control acute,SFN-CTL
9_SC_1.tif,normal,9.010048112787187,33.370548565878465,38,SC,ASC399,S,C,SFN pre,Control acute,SFN-CTL
9_CC_1.tif,normal,5.927895421436004,17.963319458896983,22,CC,ASC399,C,C,Control pre,Control acute,CTL-CTL
9_CC_1.tif,normal,9.89633553747356,23.562703660651326,42,CC,ASC399,C,C,Control pre,Control acute,CTL-CTL
9_CC_1.tif,normal,13.210227272727273,42.61363636363636,38,CC,ASC399,C,C,Control pre,Control acute,CTL-CTL
9_CC_1.tif,normal,3.532050230969733,12.17948355506805,16,CC,ASC399,C,C,Control pre,Control acute,CTL-CTL
9_CC_1.tif,normal,0.0063267039629770604,0.014059342139949034,0,CC,ASC399,C,C,Control pre,Control acute,CTL-CTL
9_CC_1.tif,normal,21.539061265758793,50.09084015292742,58,CC,ASC399,C,C,Control pre,Control acute,CTL-CTL
9_CC_1.tif,normal,1.632451940477545,13.603766170646209,6,CC,ASC399,C,C,Control pre,Control acute,CTL-CTL
9_CC_1.tif,normal,20.67993942538839,46.999862330428165,77,CC,ASC399,C,C,Control pre,Control acute,CTL-CTL
9_CC_1.tif,normal,12.43210254137577,33.60027713885343,34,CC,ASC399,C,C,Control pre,Control acute,CTL-CTL
9_CC_1.tif,normal,3.3510830528764712,13.404332211505887,12,CC,ASC399,C,C,Control pre,Control acute,CTL-CTL
9_CC_1.tif,normal,0.29115740740740736,0.7662037037037036,0,CC,ASC399,C,C,Control pre,Control acute,CTL-CTL
9_CC_1.tif,normal,2.850803754924311,12.958198886019595,12,CC,ASC399,C,C,Control pre,Control acute,CTL-CTL
9_CC_1.tif,normal,35.146428318447306,97.62896755124251,78,CC,ASC399,C,C,Control pre,Control acute,CTL-CTL
9_CC_1.tif,normal,17.15838102851807,47.66216952366129,44,CC,ASC399,C,C,Control pre,Control acute,CTL-CTL
9_CC_1.tif,normal,0.8158471724736788,3.5471616194507765,5,CC,ASC399,C,C,Control pre,Control acute,CTL-CTL
9_CC_1.tif,normal,19.204352947290023,51.90365661429734,53,CC,ASC399,C,C,Control pre,Control acute,CTL-CTL
9_CC_1.tif,normal,13.729823672109777,49.0350845432492,37,CC,ASC399,C,C,Control pre,Control acute,CTL-CTL
9_CC_1.tif,normal,1.0718239571662345,3.969718359874943,7,CC,ASC399,C,C,Control pre,Control acute,CTL-CTL
9_CC_1.tif,normal,3.9766904763180593,18.07586580144573,17,CC,ASC399,C,C,Control pre,Control acute,CTL-CTL
9_CC_1.tif,normal,8.485941802382701,33.9437672095308,27,CC,ASC399,C,C,Control pre,Control acute,CTL-CTL
9_CC_1.tif,normal,5.345487653469443,22.27286522278935,18,CC,ASC399,C,C,Control pre,Control acute,CTL-CTL
9_CC_1.tif,normal,18.511643887273426,61.705479624244774,44,CC,ASC399,C,C,Control pre,Control acute,CTL-CTL
9_CC_1.tif,normal,16.69039018205306,30.346163967369197,50,CC,ASC399,C,C,Control pre,Control acute,CTL-CTL
9_CC_1.tif,normal,10.242871102425154,23.82063047075618,35,CC,ASC399,C,C,Control pre,Control acute,CTL-CTL
9_CC_1.tif,normal,23.770676562553685,69.91375459574616,68,CC,ASC399,C,C,Control pre,Control acute,CTL-CTL
9_SC_3.tif,normal,28.513479992166587,98.32234480057441,63,SC,ASC399,S,C,SFN pre,Control acute,SFN-CTL
9_SC_3.tif,normal,6.965209634255126,21.766280107047262,28,SC,ASC399,S,C,SFN pre,Control acute,SFN-CTL
9_SC_3.tif,normal,31.755220573926312,99.23506429351974,68,SC,ASC399,S,C,SFN pre,Control acute,SFN-CTL
9_SC_3.tif,normal,4.655298016793754,9.500608197538273,21,SC,ASC399,S,C,SFN pre,Control acute,SFN-CTL
9_SC_3.tif,normal,44.57824124416212,53.06933481447874,118,SC,ASC399,S,C,SFN pre,Control acute,SFN-CTL
9_SC_3.tif,normal,14.83873720136519,44.965870307167236,36,SC,ASC399,S,C,SFN pre,Control acute,SFN-CTL
9_SC_3.tif,normal,6.204491249204582,31.022456246022912,21,SC,ASC399,S,C,SFN pre,Control acute,SFN-CTL
9_SC_3.tif,normal,21.806520061243425,68.14537519138567,67,SC,ASC399,S,C,SFN pre,Control acute,SFN-CTL
9_SC_3.tif,normal,19.967041715316846,52.54484661925485,41,SC,ASC399,S,C,SFN pre,Control acute,SFN-CTL
9_SC_3.tif,normal,22.13323870730329,69.16637096032278,59,SC,ASC399,S,C,SFN pre,Control acute,SFN-CTL
9_SC_3.tif,normal,35.64999847565622,84.88094875156244,79,SC,ASC399,S,C,SFN pre,Control acute,SFN-CTL
9_SC_3.tif,normal,35.41210515839598,70.82421031679193,91,SC,ASC399,S,C,SFN pre,Control acute,SFN-CTL
9_SC_3.tif,normal,28.474647340921653,76.95850632681528,66,SC,ASC399,S,C,SFN pre,Control acute,SFN-CTL
9_SX_1.tif,normal,13.319438092126758,23.78471087879777,78,SX,ASC399,S,X,SFN pre,Acute CSE,SFN-CSE
9_SX_1.tif,normal,3.2501740378194843,13.000696151277937,27,SX,ASC399,S,X,SFN pre,Acute CSE,SFN-CSE
9_SX_1.tif,normal,18.155519820033565,49.068972486577216,72,SX,ASC399,S,X,SFN pre,Acute CSE,SFN-CSE
9_SX_1.tif,normal,1.9381015463470768,8.075423109779486,11,SX,ASC399,S,X,SFN pre,Acute CSE,SFN-CSE
9_SX_1.tif,normal,8.405766707843764,25.472020326799274,44,SX,ASC399,S,X,SFN pre,Acute CSE,SFN-CSE
9_SX_1.tif,normal,1.1966315914787797,5.202746049907738,12,SX,ASC399,S,X,SFN pre,Acute CSE,SFN-CSE
9_SX_1.tif,normal,3.739753437332467,8.904174850791588,33,SX,ASC399,S,X,SFN pre,Acute CSE,SFN-CSE
9_SX_1.tif,normal,2.916969598053325,8.334198851580933,21,SX,ASC399,S,X,SFN pre,Acute CSE,SFN-CSE
9_SX_1.tif,normal,45.061499355123644,79.05526202653272,105,SX,ASC399,S,X,SFN pre,Acute CSE,SFN-CSE
9_SX_1.tif,normal,3.3084278758023786,9.45265107372108,35,SX,ASC399,S,X,SFN pre,Acute CSE,SFN-CSE
9_SX_1.tif,normal,19.30002023062917,80.41675096095489,57,SX,ASC399,S,X,SFN pre,Acute CSE,SFN-CSE
9_SX_1.tif,normal,40.31838069316588,69.51444947097568,84,SX,ASC399,S,X,SFN pre,Acute CSE,SFN-CSE
9_XC_3.tif,normal,68.27105510849792,91.02807347799725,154,XC,ASC399,X,C,CSE pre,Control acute,CSE-CTL
9_XC_3.tif,normal,57.742414375815265,90.22252246221136,108,XC,ASC399,X,C,CSE pre,Control acute,CSE-CTL
9_XC_3.tif,normal,20.296298666496014,57.98942476141716,70,XC,ASC399,X,C,CSE pre,Control acute,CSE-CTL
9_XC_3.tif,normal,65.8147933180948,77.42916860952332,175,XC,ASC399,X,C,CSE pre,Control acute,CSE-CTL
9_XC_3.tif,normal,48.52213910489539,91.55120585829317,101,XC,ASC399,X,C,CSE pre,Control acute,CSE-CTL
9_XC_3.tif,normal,5.485083472615883,18.28361157538627,31,XC,ASC399,X,C,CSE pre,Control acute,CSE-CTL
9_XC_3.tif,normal,0.7485035471475021,2.772235359805564,6,XC,ASC399,X,C,CSE pre,Control acute,CSE-CTL
9_XC_3.tif,normal,2.1651926177173846,9.84178462598811,15,XC,ASC399,X,C,CSE pre,Control acute,CSE-CTL
9_XC_3.tif,normal,22.229576659244685,54.21847965669434,62,XC,ASC399,X,C,CSE pre,Control acute,CSE-CTL
9_XC_3.tif,normal,45.19760867322627,94.16168473588807,87,XC,ASC399,X,C,CSE pre,Control acute,CSE-CTL
9_XC_3.tif,normal,45.63717379314349,82.97667962389727,101,XC,ASC399,X,C,CSE pre,Control acute,CSE-CTL
9_XC_3.tif,normal,35.08234102530778,67.46604043328418,93,XC,ASC399,X,C,CSE pre,Control acute,CSE-CTL
9_XC_3.tif,normal,60.05205324103311,89.62993021049716,133,XC,ASC399,X,C,CSE pre,Control acute,CSE-CTL
9_XC_3.tif,normal,2.416485732571759,8.332709422661242,16,XC,ASC399,X,C,CSE pre,Control acute,CSE-CTL
9_XC_3.tif,normal,47.88890468517993,87.0707357912362,89,XC,ASC399,X,C,CSE pre,Control acute,CSE-CTL
9_XC_3.tif,normal,38.4883521004193,80.18406687587353,80,XC,ASC399,X,C,CSE pre,Control acute,CSE-CTL
9_XC_3.tif,normal,5.580175810060384,19.24198555193236,31,XC,ASC399,X,C,CSE pre,Control acute,CSE-CTL
9_XC_3.tif,normal,23.474039886039883,41.18252611585945,72,XC,ASC399,X,C,CSE pre,Control acute,CSE-CTL
9_XC_3.tif,normal,44.29628518499075,90.40058201018518,95,XC,ASC399,X,C,CSE pre,Control acute,CSE-CTL
9_XC_3.tif,normal,25.55249470632979,63.88123676582447,68,XC,ASC399,X,C,CSE pre,Control acute,CSE-CTL
9_SX_2.tif,normal,12.955124215843487,30.845533847246383,59,SX,ASC399,S,X,SFN pre,Acute CSE,SFN-CSE
9_SX_2.tif,normal,0.9448174775694387,3.047798314740124,6,SX,ASC399,S,X,SFN pre,Acute CSE,SFN-CSE
9_SX_2.tif,normal,2.9757044146376637,10.627515766563084,22,SX,ASC399,S,X,SFN pre,Acute CSE,SFN-CSE
9_SX_2.tif,normal,0.6925156910500058,3.147798595681845,6,SX,ASC399,S,X,SFN pre,Acute CSE,SFN-CSE
9_SX_2.tif,normal,37.29735822268336,86.73804237833338,100,SX,ASC399,S,X,SFN pre,Acute CSE,SFN-CSE
9_SX_2.tif,normal,5.219506961277052,14.106775571019062,40,SX,ASC399,S,X,SFN pre,Acute CSE,SFN-CSE
9_SX_2.tif,normal,2.481461555586181,16.5430770372412,13,SX,ASC399,S,X,SFN pre,Acute CSE,SFN-CSE
9_SX_2.tif,normal,22.45514366658045,40.827533939237185,66,SX,ASC399,S,X,SFN pre,Acute CSE,SFN-CSE
9_SX_2.tif,normal,0.11741583071700232,0.2935395767925058,0,SX,ASC399,S,X,SFN pre,Acute CSE,SFN-CSE
9_SX_2.tif,normal,5.258255738854143,16.962115286626265,37,SX,ASC399,S,X,SFN pre,Acute CSE,SFN-CSE
9_SX_2.tif,normal,20.780664883454335,48.327127635940315,72,SX,ASC399,S,X,SFN pre,Acute CSE,SFN-CSE
9_SX_2.tif,normal,3.87018093814408,15.48072375257632,23,SX,ASC399,S,X,SFN pre,Acute CSE,SFN-CSE
9_SX_2.tif,normal,5.681121701391312,29.90064053363848,17,SX,ASC399,S,X,SFN pre,Acute CSE,SFN-CSE
9_SX_2.tif,normal,6.203288149104549,18.797842876074384,39,SX,ASC399,S,X,SFN pre,Acute CSE,SFN-CSE
9_SX_2.tif,normal,9.191950770691939,38.299794877883095,41,SX,ASC399,S,X,SFN pre,Acute CSE,SFN-CSE
9_SX_2.tif,normal,22.39691215761459,38.61536578899066,69,SX,ASC399,S,X,SFN pre,Acute CSE,SFN-CSE
9_SX_2.tif,normal,1.4909331544166982,10.649522531547845,5,SX,ASC399,S,X,SFN pre,Acute CSE,SFN-CSE
9_SX_2.tif,normal,57.896818708682304,75.19067364763936,142,SX,ASC399,S,X,SFN pre,Acute CSE,SFN-CSE
9_SX_2.tif,normal,7.445521133581372,28.63661974454373,30,SX,ASC399,S,X,SFN pre,Acute CSE,SFN-CSE
9_SX_2.tif,normal,4.728120532005889,21.491456963663133,20,SX,ASC399,S,X,SFN pre,Acute CSE,SFN-CSE
9_XC_1.tif,normal,69.76689368702249,90.60635543769149,136,XC,ASC399,X,C,CSE pre,Control acute,CSE-CTL
9_XC_1.tif,normal,41.294062239611634,82.58812447922328,98,XC,ASC399,X,C,CSE pre,Control acute,CSE-CTL
9_XC_1.tif,normal,2.0460622729006483,7.055387147933271,17,XC,ASC399,X,C,CSE pre,Control acute,CSE-CTL
9_XC_1.tif,normal,5.699557951210908,25.907081596413224,25,XC,ASC399,X,C,CSE pre,Control acute,CSE-CTL
9_XC_1.tif,normal,23.721166952254844,46.512092063244786,67,XC,ASC399,X,C,CSE pre,Control acute,CSE-CTL
9_XC_1.tif,normal,39.778053622402574,82.87094504667199,91,XC,ASC399,X,C,CSE pre,Control acute,CSE-CTL
9_XC_1.tif,normal,74.06650754284223,91.44013276894103,170,XC,ASC399,X,C,CSE pre,Control acute,CSE-CTL
9_XC_1.tif,normal,16.11727875831097,44.770218773086015,60,XC,ASC399,X,C,CSE pre,Control acute,CSE-CTL
9_XC_1.tif,normal,7.280187099806144,20.800534570874696,45,XC,ASC399,X,C,CSE pre,Control acute,CSE-CTL
9_XC_1.tif,normal,45.61093264521565,84.4646900837327,108,XC,ASC399,X,C,CSE pre,Control acute,CSE-CTL
9_XC_1.tif,normal,11.091645664330157,28.440117088026042,55,XC,ASC399,X,C,CSE pre,Control acute,CSE-CTL
9_XC_1.tif,normal,48.7380627689927,84.03114270515981,103,XC,ASC399,X,C,CSE pre,Control acute,CSE-CTL
9_XC_1.tif,normal,62.580476265573246,94.81890343268674,129,XC,ASC399,X,C,CSE pre,Control acute,CSE-CTL
9_XC_1.tif,normal,1.9503820833597936,8.47992210156432,14,XC,ASC399,X,C,CSE pre,Control acute,CSE-CTL
9_XC_1.tif,normal,12.667020733971002,32.4795403435154,54,XC,ASC399,X,C,CSE pre,Control acute,CSE-CTL
9_XC_1.tif,normal,1.8349998414238171,6.553570862227916,13,XC,ASC399,X,C,CSE pre,Control acute,CSE-CTL
9_XC_2.tif,normal,29.140875458030933,67.76947780937425,71,XC,ASC399,X,C,CSE pre,Control acute,CSE-CTL
9_XC_2.tif,normal,2.6419016931077386,14.677231628376322,12,XC,ASC399,X,C,CSE pre,Control acute,CSE-CTL
9_XC_2.tif,normal,26.12963632419926,56.80355722652015,70,XC,ASC399,X,C,CSE pre,Control acute,CSE-CTL
9_XC_2.tif,normal,2.2064606372293825,11.612950722259908,11,XC,ASC399,X,C,CSE pre,Control acute,CSE-CTL
9_XC_2.tif,normal,12.078847263819515,44.7364713474797,44,XC,ASC399,X,C,CSE pre,Control acute,CSE-CTL
9_XC_2.tif,normal,33.88451107267175,84.7112776816794,71,XC,ASC399,X,C,CSE pre,Control acute,CSE-CTL
9_XC_2.tif,normal,25.388393647142095,68.61728012741108,60,XC,ASC399,X,C,CSE pre,Control acute,CSE-CTL
9_XC_2.tif,normal,47.7180935513457,78.22638287105853,96,XC,ASC399,X,C,CSE pre,Control acute,CSE-CTL
9_XC_2.tif,normal,10.880500487961196,26.53780606819804,47,XC,ASC399,X,C,CSE pre,Control acute,CSE-CTL
9_XC_2.tif,normal,16.401138733490026,45.55871870413896,51,XC,ASC399,X,C,CSE pre,Control acute,CSE-CTL
9_XC_2.tif,normal,25.353118310407343,66.71873239580879,61,XC,ASC399,X,C,CSE pre,Control acute,CSE-CTL
9_XC_2.tif,normal,14.676765423016077,73.38382711508036,75,XC,ASC399,X,C,CSE pre,Control acute,CSE-CTL
9_XC_2.tif,normal,1.839099632715107,6.341722871431404,15,XC,ASC399,X,C,CSE pre,Control acute,CSE-CTL
9_XC_2.tif,normal,37.37149233156926,76.2683516970801,84,XC,ASC399,X,C,CSE pre,Control acute,CSE-CTL
9_XC_2.tif,normal,12.952049699852289,29.436476590573367,64,XC,ASC399,X,C,CSE pre,Control acute,CSE-CTL
9_XC_2.tif,normal,23.92391677774876,55.637015762206424,67,XC,ASC399,X,C,CSE pre,Control acute,CSE-CTL
9_XC_2.tif,normal,33.27290811702904,77.37885608611403,77,XC,ASC399,X,C,CSE pre,Control acute,CSE-CTL
9_CX_3.tif,normal,7.15460103157199,11.924335052619984,66,CX,ASC399,C,X,Control pre,Acute CSE,CTL-CSE
9_CX_3.tif,normal,35.03106895416365,77.84681989814146,70,CX,ASC399,C,X,Control pre,Acute CSE,CTL-CSE
9_CX_3.tif,normal,44.46638562236521,79.40426003993791,90,CX,ASC399,C,X,Control pre,Acute CSE,CTL-CSE
9_CX_3.tif,normal,8.141353960168743,28.073634345409467,42,CX,ASC399,C,X,Control pre,Acute CSE,CTL-CSE
9_CX_3.tif,normal,53.75324102151474,80.22871794255929,114,CX,ASC399,C,X,Control pre,Acute CSE,CTL-CSE
9_CX_3.tif,normal,0.9266316442856495,2.7253871890754398,6,CX,ASC399,C,X,Control pre,Acute CSE,CTL-CSE
9_CX_3.tif,normal,3.9170768047091578,21.76153780393976,16,CX,ASC399,C,X,Control pre,Acute CSE,CTL-CSE
9_CX_3.tif,normal,34.67247494217426,82.55351176708155,77,CX,ASC399,C,X,Control pre,Acute CSE,CTL-CSE
9_CX_3.tif,normal,9.477916301442304,23.694790753605762,49,CX,ASC399,C,X,Control pre,Acute CSE,CTL-CSE
9_CX_3.tif,normal,13.829936817224507,51.221988211942595,65,CX,ASC399,C,X,Control pre,Acute CSE,CTL-CSE
9_CX_3.tif,normal,13.263180821763811,32.34922151649709,55,CX,ASC399,C,X,Control pre,Acute CSE,CTL-CSE
9_CX_3.tif,normal,17.20154004106776,81.91209543365599,60,CX,ASC399,C,X,Control pre,Acute CSE,CTL-CSE
9_CX_3.tif,normal,52.76873075283082,83.75989008385844,123,CX,ASC399,C,X,Control pre,Acute CSE,CTL-CSE
9_CX_3.tif,normal,1.3206998685066986,7.3372214917038825,9,CX,ASC399,C,X,Control pre,Acute CSE,CTL-CSE
9_CX_3.tif,normal,45.8262571368496,91.65251427369917,83,CX,ASC399,C,X,Control pre,Acute CSE,CTL-CSE
9_CX_3.tif,normal,3.26629183317328,11.263075286804415,16,CX,ASC399,C,X,Control pre,Acute CSE,CTL-CSE
9_CX_3.tif,normal,8.536452898351733,18.55750630076463,45,CX,ASC399,C,X,Control pre,Acute CSE,CTL-CSE
9_CX_3.tif,normal,1.416082596972872,8.850516231080453,8,CX,ASC399,C,X,Control pre,Acute CSE,CTL-CSE
9_CX_3.tif,normal,13.927000368931619,33.96829358276005,51,CX,ASC399,C,X,Control pre,Acute CSE,CTL-CSE
9_CX_3.tif,normal,27.444480720205057,68.61120180051266,77,CX,ASC399,C,X,Control pre,Acute CSE,CTL-CSE
9_CX_3.tif,normal,41.96153005009216,80.69525009633108,87,CX,ASC399,C,X,Control pre,Acute CSE,CTL-CSE
9_CX_3.tif,normal,31.141021652563467,72.42098058735688,79,CX,ASC399,C,X,Control pre,Acute CSE,CTL-CSE
9_CX_3.tif,normal,7.038786773764353,26.069580643571673,27,CX,ASC399,C,X,Control pre,Acute CSE,CTL-CSE
9_CX_3.tif,normal,22.62944533211595,64.65555809175984,69,CX,ASC399,C,X,Control pre,Acute CSE,CTL-CSE
9_CX_3.tif,normal,44.4030744274072,54.15009076513074,136,CX,ASC399,C,X,Control pre,Acute CSE,CTL-CSE
9_CX_3.tif,normal,10.122880638301876,38.93415630116106,46,CX,ASC399,C,X,Control pre,Acute CSE,CTL-CSE
9_CX_3.tif,normal,2.88418230211058,9.303813877776065,17,CX,ASC399,C,X,Control pre,Acute CSE,CTL-CSE
9_CX_3.tif,normal,9.16514138243988,36.66056552975952,31,CX,ASC399,C,X,Control pre,Acute CSE,CTL-CSE
9_CX_3.tif,normal,13.541082498446428,56.42117707686012,43,CX,ASC399,C,X,Control pre,Acute CSE,CTL-CSE
9_CX_3.tif,normal,57.69704274851169,73.03423132722996,125,CX,ASC399,C,X,Control pre,Acute CSE,CTL-CSE
9_CX_3.tif,normal,37.518683764124994,70.78996936627358,126,CX,ASC399,C,X,Control pre,Acute CSE,CTL-CSE
9_CX_3.tif,normal,1.8753623311240317,4.808621361856491,11,CX,ASC399,C,X,Control pre,Acute CSE,CTL-CSE
9_CX_3.tif,normal,46.154413624827605,72.11627128879314,102,CX,ASC399,C,X,Control pre,Acute CSE,CTL-CSE
9_CX_3.tif,normal,2.4572844705214285,9.10105359452381,15,CX,ASC399,C,X,Control pre,Acute CSE,CTL-CSE
9_CX_3.tif,normal,30.278747932678268,52.20473781496254,78,CX,ASC399,C,X,Control pre,Acute CSE,CTL-CSE
9_CX_3.tif,normal,47.209394088856854,71.52938498311644,91,CX,ASC399,C,X,Control pre,Acute CSE,CTL-CSE
9_CX_3.tif,normal,11.509105608387996,50.03958960168692,60,CX,ASC399,C,X,Control pre,Acute CSE,CTL-CSE
9_XX_3.tif,normal,36.94186597606595,60.56043602633762,113,XX,ASC399,X,X,CSE pre,Acute CSE,CSE-CSE
9_XX_3.tif,normal,3.0552613340273775,9.54769166883555,23,XX,ASC399,X,X,CSE pre,Acute CSE,CSE-CSE
9_XX_3.tif,normal,11.863526732452316,25.24154623926023,69,XX,ASC399,X,X,CSE pre,Acute CSE,CSE-CSE
9_XX_3.tif,normal,17.706930569490517,37.674320360618104,81,XX,ASC399,X,X,CSE pre,Acute CSE,CSE-CSE
9_XX_3.tif,normal,28.421896338272646,64.59521895061965,78,XX,ASC399,X,X,CSE pre,Acute CSE,CSE-CSE
9_XX_3.tif,normal,11.256161526794742,33.10635743174924,70,XX,ASC399,X,X,CSE pre,Acute CSE,CSE-CSE
9_XX_3.tif,normal,0.4234213961024349,0.7561096358972049,0,XX,ASC399,X,X,CSE pre,Acute CSE,CSE-CSE
9_XX_3.tif,normal,74.44787267292295,93.05984084115369,128,XX,ASC399,X,X,CSE pre,Acute CSE,CSE-CSE
9_XX_3.tif,normal,4.495231140518832,16.64900422414382,26,XX,ASC399,X,X,CSE pre,Acute CSE,CSE-CSE
9_XX_3.tif,normal,1.751453937967018,6.255192635596491,20,XX,ASC399,X,X,CSE pre,Acute CSE,CSE-CSE
9_SC_2.tif,normal,9.423766131061505,40.97289622200655,24,SC,ASC399,S,C,SFN pre,Control acute,SFN-CTL
9_SC_2.tif,normal,2.6587708578411786,22.156423815343146,8,SC,ASC399,S,C,SFN pre,Control acute,SFN-CTL
9_SC_2.tif,normal,4.200219343869032,38.18381221699119,12,SC,ASC399,S,C,SFN pre,Control acute,SFN-CTL
9_SC_2.tif,normal,18.79462382521073,98.91907276426704,40,SC,ASC399,S,C,SFN pre,Control acute,SFN-CTL
9_SC_2.tif,normal,1.2012459586997861,10.010382989164885,5,SC,ASC399,S,C,SFN pre,Control acute,SFN-CTL
9_SC_2.tif,normal,6.555281416727198,29.796733712396357,17,SC,ASC399,S,C,SFN pre,Control acute,SFN-CTL
9_SC_2.tif,normal,4.0200822646987655,20.10041132349383,13,SC,ASC399,S,C,SFN pre,Control acute,SFN-CTL
9_SC_2.tif,normal,8.937647173299602,99.30719081444,24,SC,ASC399,S,C,SFN pre,Control acute,SFN-CTL
9_SC_2.tif,normal,1.7642857142857145,22.05357142857143,5,SC,ASC399,S,C,SFN pre,Control acute,SFN-CTL
9_SC_2.tif,normal,1.1632988752356803,16.618555360509724,4,SC,ASC399,S,C,SFN pre,Control acute,SFN-CTL
9_SC_2.tif,normal,0.32821663577135296,2.5247433520873317,1,SC,ASC399,S,C,SFN pre,Control acute,SFN-CTL
9_SC_2.tif,normal,1.6202168701222346,8.10108435061117,6,SC,ASC399,S,C,SFN pre,Control acute,SFN-CTL
9_SC_2.tif,normal,8.314761611454019,41.5738080572701,22,SC,ASC399,S,C,SFN pre,Control acute,SFN-CTL
9_SC_2.tif,normal,0.2796424947310905,9.32141649103635,1,SC,ASC399,S,C,SFN pre,Control acute,SFN-CTL
9C_CC_1.tif,normal,6.442010498733062,19.521243935554725,40,CC,ASC399cse,C,C,Control pre,Control acute,CTL-CTL
9C_CC_1.tif,normal,5.7274360379394285,19.091453459798103,33,CC,ASC399cse,C,C,Control pre,Control acute,CTL-CTL
9C_CC_1.tif,normal,12.796010186404555,31.209780942450134,56,CC,ASC399cse,C,C,Control pre,Control acute,CTL-CTL
9C_CC_1.tif,normal,61.42856635380747,84.14872103261295,153,CC,ASC399cse,C,C,Control pre,Control acute,CTL-CTL
9C_CC_1.tif,normal,19.227420407519237,48.06855101879811,60,CC,ASC399cse,C,C,Control pre,Control acute,CTL-CTL
9C_CC_1.tif,normal,47.74408251206059,83.76154826677296,114,CC,ASC399cse,C,C,Control pre,Control acute,CTL-CTL
9C_CC_1.tif,normal,63.99837969128521,74.41672057126189,169,CC,ASC399cse,C,C,Control pre,Control acute,CTL-CTL
9C_CC_1.tif,normal,35.92863211554801,74.85131690739168,94,CC,ASC399cse,C,C,Control pre,Control acute,CTL-CTL
9C_CC_1.tif,normal,6.084677246561057,16.901881240447384,40,CC,ASC399cse,C,C,Control pre,Control acute,CTL-CTL
9C_CC_1.tif,normal,2.683079195580927,11.179496648253862,16,CC,ASC399cse,C,C,Control pre,Control acute,CTL-CTL
9C_CC_1.tif,normal,3.9370419203474576,10.936227556520716,24,CC,ASC399cse,C,C,Control pre,Control acute,CTL-CTL
9C_CC_1.tif,normal,12.252423449060904,24.02435970404099,47,CC,ASC399cse,C,C,Control pre,Control acute,CTL-CTL
9C_CC_1.tif,normal,3.3326997552804776,12.81807598184799,20,CC,ASC399cse,C,C,Control pre,Control acute,CTL-CTL
9C_CC_1.tif,normal,8.319727917240218,27.73242639080072,38,CC,ASC399cse,C,C,Control pre,Control acute,CTL-CTL
9C_SX_3.tif,normal,32.25080968928174,71.66846597618162,112,SX,ASC399cse,S,X,SFN pre,Acute CSE,SFN-CSE
9C_SX_3.tif,normal,16.196426642178043,37.66610847018151,51,SX,ASC399cse,S,X,SFN pre,Acute CSE,SFN-CSE
9C_SX_3.tif,normal,9.999517993309748,24.998794983274358,32,SX,ASC399cse,S,X,SFN pre,Acute CSE,SFN-CSE
9C_SX_3.tif,normal,0.344271098583595,0.49894362113564517,1,SX,ASC399cse,S,X,SFN pre,Acute CSE,SFN-CSE
9C_SX_3.tif,normal,7.067983158102084,23.559943860340287,30,SX,ASC399cse,S,X,SFN pre,Acute CSE,SFN-CSE
9C_SX_3.tif,normal,3.540920577448819,7.226368525405752,33,SX,ASC399cse,S,X,SFN pre,Acute CSE,SFN-CSE
9C_CC_2.tif,normal,2.257714164831678,9.816148542746426,13,CC,ASC399cse,C,C,Control pre,Control acute,CTL-CTL
9C_CC_2.tif,normal,4.487532413702468,16.026901477508808,33,CC,ASC399cse,C,C,Control pre,Control acute,CTL-CTL
9C_CC_2.tif,normal,85.74338218493978,95.2704246499331,180,CC,ASC399cse,C,C,Control pre,Control acute,CTL-CTL
9C_CC_2.tif,normal,79.28836072017438,90.10040990928907,144,CC,ASC399cse,C,C,Control pre,Control acute,CTL-CTL
9C_CC_2.tif,normal,3.7518707416969166,11.369305277869445,30,CC,ASC399cse,C,C,Control pre,Control acute,CTL-CTL
9C_CC_2.tif,normal,10.596713364883357,37.84540487458341,66,CC,ASC399cse,C,C,Control pre,Control acute,CTL-CTL
9C_CC_2.tif,normal,38.037508810562535,71.7688845482312,93,CC,ASC399cse,C,C,Control pre,Control acute,CTL-CTL
9C_CC_2.tif,normal,45.270886535599956,70.73576021187495,106,CC,ASC399cse,C,C,Control pre,Control acute,CTL-CTL
9C_CC_2.tif,normal,12.53351326778306,34.81531463273073,82,CC,ASC399cse,C,C,Control pre,Control acute,CTL-CTL
9C_CC_2.tif,normal,21.84673925301301,45.514040110443766,84,CC,ASC399cse,C,C,Control pre,Control acute,CTL-CTL
9C_CC_2.tif,normal,53.916194084886705,92.95895531877018,107,CC,ASC399cse,C,C,Control pre,Control acute,CTL-CTL
9C_CC_2.tif,normal,63.32502582992679,83.32240240779836,142,CC,ASC399cse,C,C,Control pre,Control acute,CTL-CTL
9C_CC_2.tif,normal,45.142424607338846,76.51258408023536,110,CC,ASC399cse,C,C,Control pre,Control acute,CTL-CTL
9C_CC_2.tif,normal,56.18425840935121,89.1813625545257,108,CC,ASC399cse,C,C,Control pre,Control acute,CTL-CTL
9C_CC_2.tif,normal,4.608547236563278,15.891542195045792,43,CC,ASC399cse,C,C,Control pre,Control acute,CTL-CTL
9C_CC_2.tif,normal,11.340474899707257,47.251978748780225,54,CC,ASC399cse,C,C,Control pre,Control acute,CTL-CTL
9C_SC_1.tif,normal,5.618154231591306,15.184200625922449,46,SC,ASC399cse,S,C,SFN pre,Control acute,SFN-CTL
9C_SC_1.tif,normal,4.282233698165562,12.594804994604594,25,SC,ASC399cse,S,C,SFN pre,Control acute,SFN-CTL
9C_SC_1.tif,normal,4.588505728398681,5.808235099238838,28,SC,ASC399cse,S,C,SFN pre,Control acute,SFN-CTL
9C_SC_1.tif,normal,1.149966274451023,4.107022408753655,8,SC,ASC399cse,S,C,SFN pre,Control acute,SFN-CTL
9C_SC_1.tif,normal,21.000164435820697,40.38493160734748,66,SC,ASC399cse,S,C,SFN pre,Control acute,SFN-CTL
9C_SC_1.tif,normal,17.23420285573049,35.904589282771866,54,SC,ASC399cse,S,C,SFN pre,Control acute,SFN-CTL
9C_SC_1.tif,normal,11.97292140898455,23.024848863431828,47,SC,ASC399cse,S,C,SFN pre,Control acute,SFN-CTL
9C_SC_1.tif,normal,6.726291504312111,21.01966095097534,29,SC,ASC399cse,S,C,SFN pre,Control acute,SFN-CTL
9C_SC_1.tif,normal,4.719359241433806,17.47910830160669,23,SC,ASC399cse,S,C,SFN pre,Control acute,SFN-CTL
9C_SC_1.tif,normal,0.66456231817807,3.32281159089035,8,SC,ASC399cse,S,C,SFN pre,Control acute,SFN-CTL
9C_SX_1.tif,normal,0.5900907692771629,0.8195705128849485,9,SX,ASC399cse,S,X,SFN pre,Acute CSE,SFN-CSE
9C_SX_1.tif,normal,2.6725439921323453,5.45417141251499,26,SX,ASC399cse,S,X,SFN pre,Acute CSE,SFN-CSE
9C_SX_1.tif,normal,43.135728986388514,78.42859815707,100,SX,ASC399cse,S,X,SFN pre,Acute CSE,SFN-CSE
9C_SX_1.tif,normal,10.296332205091803,22.383330880634347,67,SX,ASC399cse,S,X,SFN pre,Acute CSE,SFN-CSE
9C_SX_1.tif,normal,2.5988789654916697,9.62547764996915,17,SX,ASC399cse,S,X,SFN pre,Acute CSE,SFN-CSE
9C_SX_1.tif,normal,2.3727503427354666,6.978677478633728,20,SX,ASC399cse,S,X,SFN pre,Acute CSE,SFN-CSE
9C_SX_1.tif,normal,8.709895737151813,26.39362344591458,49,SX,ASC399cse,S,X,SFN pre,Acute CSE,SFN-CSE
9C_SX_1.tif,normal,3.366056279613407,12.021629570047883,24,SX,ASC399cse,S,X,SFN pre,Acute CSE,SFN-CSE
9C_SX_1.tif,normal,2.696260855805121,11.722873286109223,16,SX,ASC399cse,S,X,SFN pre,Acute CSE,SFN-CSE
9C_CC_3.tif,normal,1.7614802873331592,5.871600957777198,11,CC,ASC399cse,C,C,Control pre,Control acute,CTL-CTL
9C_CC_3.tif,normal,1.6800752201042828,6.000268643229581,13,CC,ASC399cse,C,C,Control pre,Control acute,CTL-CTL
9C_CC_3.tif,normal,30.78304591342489,65.49584236898912,80,CC,ASC399cse,C,C,Control pre,Control acute,CTL-CTL
9C_CC_3.tif,normal,17.341181910873416,54.191193471479416,62,CC,ASC399cse,C,C,Control pre,Control acute,CTL-CTL
9C_CC_3.tif,normal,50.761440447517664,92.29352808639578,151,CC,ASC399cse,C,C,Control pre,Control acute,CTL-CTL
9C_CC_3.tif,normal,32.89510419422862,80.23196144933813,71,CC,ASC399cse,C,C,Control pre,Control acute,CTL-CTL
9C_CC_3.tif,normal,0.8701213953996196,5.1183611494095285,7,CC,ASC399cse,C,C,Control pre,Control acute,CTL-CTL
9C_CC_3.tif,normal,3.791452694558,18.05453664075238,22,CC,ASC399cse,C,C,Control pre,Control acute,CTL-CTL
9C_CC_3.tif,normal,29.531786732751915,50.91687367715847,87,CC,ASC399cse,C,C,Control pre,Control acute,CTL-CTL
9C_CC_3.tif,normal,27.244192805822305,80.12997884065382,87,CC,ASC399cse,C,C,Control pre,Control acute,CTL-CTL
9C_CC_3.tif,normal,35.590371462634124,61.3627094183347,116,CC,ASC399cse,C,C,Control pre,Control acute,CTL-CTL
9C_CC_3.tif,normal,9.622759506709455,28.30223384326309,52,CC,ASC399cse,C,C,Control pre,Control acute,CTL-CTL
9C_CC_3.tif,normal,2.468772450916265,7.261095443871371,17,CC,ASC399cse,C,C,Control pre,Control acute,CTL-CTL
9C_CC_3.tif,normal,7.477052503920032,24.11952420619365,51,CC,ASC399cse,C,C,Control pre,Control acute,CTL-CTL
9C_CC_3.tif,normal,24.393522302241276,49.78269857600261,69,CC,ASC399cse,C,C,Control pre,Control acute,CTL-CTL
9C_CC_3.tif,normal,0.9771550726579534,5.4286392925441875,6,CC,ASC399cse,C,C,Control pre,Control acute,CTL-CTL
9C_CC_3.tif,normal,7.410429106109502,20.58452529474862,48,CC,ASC399cse,C,C,Control pre,Control acute,CTL-CTL
9C_CC_3.tif,normal,7.116184278129815,21.564194782211565,60,CC,ASC399cse,C,C,Control pre,Control acute,CTL-CTL
9C_CX_3.tif,normal,3.7545734680344816,11.733042087607755,32,CX,ASC399cse,C,X,Control pre,Acute CSE,CTL-CSE
9C_CX_3.tif,normal,1.94767992922889,7.790719716915558,23,CX,ASC399cse,C,X,Control pre,Acute CSE,CTL-CSE
9C_CX_3.tif,normal,1.8556916214282708,8.434961915583049,16,CX,ASC399cse,C,X,Control pre,Acute CSE,CTL-CSE
9C_CX_3.tif,normal,7.56273231156284,25.209107705209465,40,CX,ASC399cse,C,X,Control pre,Acute CSE,CTL-CSE
9C_SX_2.tif,normal,20.429514725919713,48.64170172838027,80,SX,ASC399cse,S,X,SFN pre,Acute CSE,SFN-CSE
9C_XX_3.tif,normal,0.48097304217938686,4.008108684828224,5,XX,ASC399cse,X,X,CSE pre,Acute CSE,CSE-CSE
9C_XX_3.tif,normal,1.878388786198398,7.224572254609222,13,XX,ASC399cse,X,X,CSE pre,Acute CSE,CSE-CSE
9C_SC_3.tif,normal,49.09570160607653,79.18661549367181,128,SC,ASC399cse,S,C,SFN pre,Control acute,SFN-CTL
9C_SC_3.tif,normal,5.342080779212686,13.02946531515289,53,SC,ASC399cse,S,C,SFN pre,Control acute,SFN-CTL
9C_SC_3.tif,normal,19.033992587534062,33.98927247773939,70,SC,ASC399cse,S,C,SFN pre,Control acute,SFN-CTL
9C_SC_3.tif,normal,36.881823672805396,73.76364734561082,118,SC,ASC399cse,S,C,SFN pre,Control acute,SFN-CTL
9C_SC_3.tif,normal,15.918317337145185,30.612148725279205,63,SC,ASC399cse,S,C,SFN pre,Control acute,SFN-CTL
9C_SC_3.tif,normal,40.54934836144094,65.40217477651765,108,SC,ASC399cse,S,C,SFN pre,Control acute,SFN-CTL
9C_SC_3.tif,normal,5.6277415812591505,14.809846266471451,42,SC,ASC399cse,S,C,SFN pre,Control acute,SFN-CTL
9C_SC_3.tif,normal,19.416363327738065,38.83272665547612,77,SC,ASC399cse,S,C,SFN pre,Control acute,SFN-CTL
9C_SC_3.tif,normal,18.574524381035403,33.771862510973456,72,SC,ASC399cse,S,C,SFN pre,Control acute,SFN-CTL
9C_SC_3.tif,normal,51.85515349772697,61.732325592532106,183,SC,ASC399cse,S,C,SFN pre,Control acute,SFN-CTL
9C_SC_3.tif,normal,17.23974178703822,36.680301674549405,71,SC,ASC399cse,S,C,SFN pre,Control acute,SFN-CTL
9C_SC_3.tif,normal,8.579600829064294,17.509389447069974,52,SC,ASC399cse,S,C,SFN pre,Control acute,SFN-CTL
9C_SC_3.tif,normal,73.25362062106862,82.30743890007707,167,SC,ASC399cse,S,C,SFN pre,Control acute,SFN-CTL
9C_SC_3.tif,normal,6.432178812346688,15.68824100572363,36,SC,ASC399cse,S,C,SFN pre,Control acute,SFN-CTL
9C_CX_1.tif,normal,3.5128051967445675,9.00719281216556,24,CX,ASC399cse,C,X,Control pre,Acute CSE,CTL-CSE
9C_CX_1.tif,normal,17.44233621399965,35.59660451836663,65,CX,ASC399cse,C,X,Control pre,Acute CSE,CTL-CSE
9C_CX_1.tif,normal,1.2379040680975504,5.894781276655,12,CX,ASC399cse,C,X,Control pre,Acute CSE,CTL-CSE
9C_CX_1.tif,normal,6.8722793026575815,19.635083721878804,35,CX,ASC399cse,C,X,Control pre,Acute CSE,CTL-CSE
9C_CX_2.tif,normal,39.231086512486,85.28497067931741,82,CX,ASC399cse,C,X,Control pre,Acute CSE,CTL-CSE
9C_CX_2.tif,normal,11.70213049509629,26.59575112521884,41,CX,ASC399cse,C,X,Control pre,Acute CSE,CTL-CSE
9C_CX_2.tif,normal,28.60937687998823,40.8705383999832,128,CX,ASC399cse,C,X,Control pre,Acute CSE,CTL-CSE
9C_CX_2.tif,normal,13.133423071670832,24.7800435314544,38,CX,ASC399cse,C,X,Control pre,Acute CSE,CTL-CSE
9C_CX_2.tif,normal,10.621670956633896,30.347631304668276,46,CX,ASC399cse,C,X,Control pre,Acute CSE,CTL-CSE
9C_CX_2.tif,normal,3.611409012387697,20.063383402153868,18,CX,ASC399cse,C,X,Control pre,Acute CSE,CTL-CSE
9C_CX_2.tif,normal,6.683201969538296,16.708004923845742,25,CX,ASC399cse,C,X,Control pre,Acute CSE,CTL-CSE
9C_CX_2.tif,normal,7.100161326154977,22.903746213403142,41,CX,ASC399cse,C,X,Control pre,Acute CSE,CTL-CSE
9C_CX_2.tif,normal,1.5986235553824177,11.418739681302984,33,CX,ASC399cse,C,X,Control pre,Acute CSE,CTL-CSE
9C_CX_2.tif,normal,12.519569624200845,39.123655075627624,46,CX,ASC399cse,C,X,Control pre,Acute CSE,CTL-CSE
9C_CX_2.tif,normal,14.663287066482098,29.32657413296419,63,CX,ASC399cse,C,X,Control pre,Acute CSE,CTL-CSE
9C_XX_2.tif,normal,18.062239308234314,33.448591311545044,75,XX,ASC399cse,X,X,CSE pre,Acute CSE,CSE-CSE
9C_XX_2.tif,normal,36.004987059324364,66.6759019617118,96,XX,ASC399cse,X,X,CSE pre,Acute CSE,CSE-CSE
9C_XX_2.tif,normal,2.4906787632841225,10.829038101235316,17,XX,ASC399cse,X,X,CSE pre,Acute CSE,CSE-CSE
9C_XX_2.tif,normal,2.4362937296470197,11.601398712604855,22,XX,ASC399cse,X,X,CSE pre,Acute CSE,CSE-CSE
9C_XX_2.tif,normal,36.59442012374169,66.53530931589397,96,XX,ASC399cse,X,X,CSE pre,Acute CSE,CSE-CSE
9C_XX_2.tif,normal,6.15637425356163,24.625497014246523,27,XX,ASC399cse,X,X,CSE pre,Acute CSE,CSE-CSE
9C_XX_2.tif,normal,1.6441078758980765,6.089288429252136,16,XX,ASC399cse,X,X,CSE pre,Acute CSE,CSE-CSE
9C_XX_2.tif,normal,1.4550034601150696,5.820013840460278,15,XX,ASC399cse,X,X,CSE pre,Acute CSE,CSE-CSE
9C_XC_2.tif,normal,10.80928979249263,21.194685867632607,32,XC,ASC399cse,X,C,CSE pre,Control acute,CSE-CTL
9C_XC_2.tif,normal,3.7042087519015445,14.816835007606176,25,XC,ASC399cse,X,C,CSE pre,Control acute,CSE-CTL
9C_XC_2.tif,normal,23.247683682090162,45.58369349429443,72,XC,ASC399cse,X,C,CSE pre,Control acute,CSE-CTL
9C_XC_2.tif,normal,6.860702564993087,12.251254580344797,26,XC,ASC399cse,X,C,CSE pre,Control acute,CSE-CTL
9C_XC_2.tif,normal,51.42337888921198,80.34902951439372,117,XC,ASC399cse,X,C,CSE pre,Control acute,CSE-CTL
9C_XC_2.tif,normal,14.274638253962998,31.0318222912239,60,XC,ASC399cse,X,C,CSE pre,Control acute,CSE-CTL
9C_XC_2.tif,normal,22.83454241918349,49.64030960692063,71,XC,ASC399cse,X,C,CSE pre,Control acute,CSE-CTL
9C_XC_2.tif,normal,9.505541485524422,30.663037050078778,45,XC,ASC399cse,X,C,CSE pre,Control acute,CSE-CTL
9C_XC_2.tif,normal,1.106843605381716,1.456373164975942,7,XC,ASC399cse,X,C,CSE pre,Control acute,CSE-CTL
9C_XC_2.tif,normal,1.7980834995893844,5.288480881145247,10,XC,ASC399cse,X,C,CSE pre,Control acute,CSE-CTL
9C_XC_2.tif,normal,71.00046719615563,94.66728959487419,130,XC,ASC399cse,X,C,CSE pre,Control acute,CSE-CTL
9C_XC_2.tif,normal,8.159328190621768,20.92135433492761,50,XC,ASC399cse,X,C,CSE pre,Control acute,CSE-CTL
9C_XC_2.tif,normal,13.942761504843357,44.976650015623726,61,XC,ASC399cse,X,C,CSE pre,Control acute,CSE-CTL
9C_XC_2.tif,normal,33.944409408796965,70.7175196016604,87,XC,ASC399cse,X,C,CSE pre,Control acute,CSE-CTL
9C_XC_2.tif,normal,9.70880818931963,22.57862369609217,54,XC,ASC399cse,X,C,CSE pre,Control acute,CSE-CTL
9C_XC_2.tif,normal,58.686729965786704,52.87092789710515,163,XC,ASC399cse,X,C,CSE pre,Control acute,CSE-CTL
9C_XC_2.tif,normal,26.979708761040822,55.06063012457311,73,XC,ASC399cse,X,C,CSE pre,Control acute,CSE-CTL
9C_SC_2.tif,normal,4.979506974054415,9.053649043735298,23,SC,ASC399cse,S,C,SFN pre,Control acute,SFN-CTL
9C_SC_2.tif,normal,2.978950809865156,9.609518741500501,16,SC,ASC399cse,S,C,SFN pre,Control acute,SFN-CTL
9C_SC_2.tif,normal,3.990569087004303,14.779885507423346,22,SC,ASC399cse,S,C,SFN pre,Control acute,SFN-CTL
9C_SC_2.tif,normal,9.017205983564608,25.047794398790582,42,SC,ASC399cse,S,C,SFN pre,Control acute,SFN-CTL
9C_SC_2.tif,normal,1.8311311153225238,8.719671977726305,12,SC,ASC399cse,S,C,SFN pre,Control acute,SFN-CTL
9C_SC_2.tif,normal,5.540046430644226,16.29425420777713,21,SC,ASC399cse,S,C,SFN pre,Control acute,SFN-CTL
9C_XC_3.tif,normal,6.016524453155421,11.141711950287817,39,XC,ASC399cse,X,C,CSE pre,Control acute,CSE-CTL
9C_XC_3.tif,normal,26.069394027394615,56.67259571172741,65,XC,ASC399cse,X,C,CSE pre,Control acute,CSE-CTL
9C_XC_3.tif,normal,35.80076605890054,62.80836150684306,84,XC,ASC399cse,X,C,CSE pre,Control acute,CSE-CTL
9C_XC_3.tif,normal,57.89412140373916,80.40850194963775,145,XC,ASC399cse,X,C,CSE pre,Control acute,CSE-CTL
9C_XC_3.tif,normal,29.818683233662124,66.26374051924917,68,XC,ASC399cse,X,C,CSE pre,Control acute,CSE-CTL
9C_XC_3.tif,normal,2.071854119609963,7.3994789986070115,14,XC,ASC399cse,X,C,CSE pre,Control acute,CSE-CTL
9C_XC_3.tif,normal,5.515296258387353,26.26331551613025,22,XC,ASC399cse,X,C,CSE pre,Control acute,CSE-CTL
9C_XC_3.tif,normal,58.244068161680836,83.20581165954405,150,XC,ASC399cse,X,C,CSE pre,Control acute,CSE-CTL
9C_XC_3.tif,normal,0.4102876362792856,0.7459775205077919,0,XC,ASC399cse,X,C,CSE pre,Control acute,CSE-CTL
9C_XC_3.tif,normal,17.189794091316024,24.556848701880035,104,XC,ASC399cse,X,C,CSE pre,Control acute,CSE-CTL
9C_XC_3.tif,normal,17.097294226625788,42.74323556656448,74,XC,ASC399cse,X,C,CSE pre,Control acute,CSE-CTL
9C_XC_3.tif,normal,25.695638874727713,62.6722899383603,72,XC,ASC399cse,X,C,CSE pre,Control acute,CSE-CTL
9C_XX_1.tif,normal,8.982650631897474,24.277434140263438,36,XX,ASC399cse,X,X,CSE pre,Acute CSE,CSE-CSE
9C_XX_1.tif,normal,1.9364127314204131,4.96516084979593,8,XX,ASC399cse,X,X,CSE pre,Acute CSE,CSE-CSE
9C_XX_1.tif,normal,24.57531586921029,50.15370585553121,74,XX,ASC399cse,X,X,CSE pre,Acute CSE,CSE-CSE
9C_XX_1.tif,normal,7.3856106228587235,16.785478688315276,46,XX,ASC399cse,X,X,CSE pre,Acute CSE,CSE-CSE
9C_XX_1.tif,normal,11.211830200853939,27.345927319155944,40,XX,ASC399cse,X,X,CSE pre,Acute CSE,CSE-CSE
9C_XC_1.tif,normal,24.660325492008663,51.37567810835137,80,XC,ASC399cse,X,C,CSE pre,Control acute,CSE-CTL
9C_XC_1.tif,normal,50.63327294509541,84.38878824182567,106,XC,ASC399cse,X,C,CSE pre,Control acute,CSE-CTL
9C_XC_1.tif,normal,32.822610511141214,64.35805982576709,93,XC,ASC399cse,X,C,CSE pre,Control acute,CSE-CTL
9C_XC_1.tif,normal,53.00205555521466,77.94419934590395,109,XC,ASC399cse,X,C,CSE pre,Control acute,CSE-CTL
9C_XC_1.tif,normal,37.558021404670974,62.59670234111831,92,XC,ASC399cse,X,C,CSE pre,Control acute,CSE-CTL
9C_XC_1.tif,normal,1.5387523571714554,5.699082804338724,10,XC,ASC399cse,X,C,CSE pre,Control acute,CSE-CTL
9C_XC_1.tif,normal,0.9259626293894359,2.8059473617861688,8,XC,ASC399cse,X,C,CSE pre,Control acute,CSE-CTL
9C_XC_1.tif,normal,0.8284994992014187,1.2365664167185355,4,XC,ASC399cse,X,C,CSE pre,Control acute,CSE-CTL
9C_XC_1.tif,normal,35.19486219323146,53.325548777623425,94,XC,ASC399cse,X,C,CSE pre,Control acute,CSE-CTL
9C_XC_1.tif,normal,2.2389221823690626,9.734444271169838,14,XC,ASC399cse,X,C,CSE pre,Control acute,CSE-CTL
9C_XC_1.tif,normal,40.53060801969866,76.47284532018615,114,XC,ASC399cse,X,C,CSE pre,Control acute,CSE-CTL
9C_XC_1.tif,normal,59.241463252972125,94.0340686555113,111,XC,ASC399cse,X,C,CSE pre,Control acute,CSE-CTL
9C_XC_1.tif,normal,55.77345988662935,94.53128794343955,105,XC,ASC399cse,X,C,CSE pre,Control acute,CSE-CTL
9C_XC_1.tif,normal,27.108906633026077,48.40876184468942,77,XC,ASC399cse,X,C,CSE pre,Control acute,CSE-CTL
